folder,file_name,transcription
Acts_01,Acts_01_0001.flac,la̱t ja̱a̱kni̱ yëcu la̱t cio̱kä kɛl
Acts_01,Acts_01_0002.flac,rɛy buɔk in jio̱l ji̱n thi̱pi̱la̱th cä ji̱ gɔ̱a̱r ŋɔaani̱ diaal ti̱ ci̱ yëcu kɛ tok kɛ la̱t kɛnɛ tin cɛ ŋieec
Acts_01,Acts_01_0003.flac,amäni̱ cäŋ ëë naŋkɛ ni̱ jɛ nhial kɛ kɔr kä mëë cɛ jaakɛ tin cɛ mɛk la̱t ruac
Acts_01,Acts_01_0004.flac,kɛ buɔ̱m yieekä in gɔaa in rɛl rɔ kä kɛ kɔr liethdɛ cuɛ rɔɔdɛ nyuɔ̱th kɛ
Acts_01,Acts_01_0005.flac,kɛ nyuuthni̱ ti̱ ŋuan ti̱ thiɛl diw ɛn ɣöö tëkɛ cu jaak ɛ nɛn kɛ ni̱n ti̱ jiɛn ŋuan
Acts_01,Acts_01_0006.flac,kä cɛ ruac kɛ kɛ kɛ kui̱ kuäärä kuɔth kä mëë tëë kɛɛl kɛ kɛ cuɛ kɛ la̱r ɣöö
Acts_01,Acts_01_0007.flac,ci̱kɛ bi̱ jiɛɛn kä juruthɛlɛm kɛ ɣöö bi̱kɛ mëë ci̱ gua̱a̱r in te nhial ɛ lar lip kä cuɛ wee i̱
Acts_01,Acts_01_0008.flac,cia jɛ liŋ kä ɣä ɛn ɣöö jɔ̱ɔ̱n cɛ naath lak kɛ pi̱ kä ba yɛ lak kɛ yiëë in gɔaa
Acts_01,Acts_01_0009.flac,in rɛl rɔ kɛ rɛy ni̱ni̱ ti̱ tɔt kä mëë ci̱ jaak ben guath kɛl kɛ yecu cukɛ jɛ thiec i̱
Acts_01,Acts_01_0010.flac,kuäär nɛmɛ ɛ jɛn gua̱a̱th in bi̱ kuäär luɔ̱c
Acts_01,Acts_01_0011.flac,ji̱ i̱thruɛ̈l thi̱n kä cuɛ kɛ loc i̱ ciɛ la̱tdun ɛn ɣöö bia ni̱n kiɛ pek tin ci̱ gua̱a̱r
Acts_01,Acts_01_0012.flac,in te nhial kɛ la̱t kɛ buɔ̱mdɛ kärɔa ŋa̱c kä yɛn bia buɔ̱m jek mi̱ wä yiëë in gɔaa in rɛl rɔ
Acts_01,Acts_01_0013.flac,ben kä yɛ kä bi̱ yɛn a nëënkä kä juruthɛlɛm kɛnɛ rɛy judia kɛɛliw kɛ thamɛria
Acts_01,Acts_01_0014.flac,kɛnɛ pek ɣɔaa kɛɛliw min cɛ ti̱ti̱ lat cua yecu naŋ nhial a guɛckɛ jɛ kä cu pua̱a̱r ɛ kum
Acts_01,Acts_01_0015.flac,waaŋdiɛn kä min wëë kä ŋot jaak kɛ mi̱ guɛckɛ nhial cu wutni̱ da̱ŋ rɛw ti̱ tekɛ bieyni̱ ti̱ bo̱o̱r
Acts_01,Acts_01_0016.flac,cuɔ̱ŋ gekädiɛn kä cukɛ wee i̱ yɛn wutni̱ gɛ̈lɛli̱ ɛŋu mi̱ cuɔ̱ŋɛ kä guɛcɛ nhial ɔ
Acts_01,Acts_01_0017.flac,ɛn yecu ɛmɛ ca naŋ nhial kä yɛ bɛ luny jɔk ce̱tkɛ wädɛ nhial in cia nɛn cukɛ loc kä juruthɛlɛm
Acts_01,Acts_01_0018.flac,jiɛɛndiɛn pa̱a̱m mi̱ cɔal i̱ ɔlip mi̱ thia̱k kɛ juruthɛlɛm kɛ ja̱l mi̱ ciɛk kɛ cäŋ lɔ̱ŋä
Acts_01,Acts_01_0019.flac,kä min ci̱kɛ ben rɛy wec cukɛ wä duëël in te nhial guäth ëë cieŋkɛ thi̱n
Acts_01,Acts_01_0020.flac,pi̱tɔr kɛ jɔ̱ɔ̱n kɛ jɛmi̱th kɛ andɛröw kɛ pilip kɛnɛ tɔmäth kɛ barthɔlɔmiɛw
Acts_01,Acts_01_0021.flac,kɛnɛ mɛ̈thyö kɛ jɛmi̱th gat ɛ̈lpäth kɛnɛ thaymɔn min cɔal i̱ dhɛ̈lɔt kɛ judɛth
Acts_01,Acts_01_0022.flac,gat jɛmɛth kɛn nɛy ti̱ti̱ diaal amäni̱ män
Acts_01,Acts_01_0023.flac,kɛ mɛri̱ man yecu kɛnɛ gaatman yecu cukɛ pal kɛ lɔc kɛl
Acts_01,Acts_01_0024.flac,kä ɛn ni̱ni̱ tɔ̱tɔ̱ cu pi tɔr rɔ jiɛc rɛy dämani̱ tin la ji̱ ŋäthä kɛn diaal nɛy ti̱ kuɔ̱r kɛl
Acts_01,Acts_01_0025.flac,wi̱cdɛ jiɛn da̱ŋ rɛw kä cuɛ wee i̱ dämaari̱
Acts_01,Acts_01_0026.flac,bi̱ ruaacni̱ kuɔth a thuɔ̱k tëë ca lat ɛ yiëë in gɔaa in ɣɛr rɔ kɛ thok dëëbi̱d kɛ kui̱c ju däth
Acts_01,Acts_01_0027.flac,mëë cu a bo̱o̱th nɛɛni̱ tëë ka̱pkɛ yecu
Acts_01,Acts_01_0028.flac,kɛ ɣöö ca jɛ mat rɛydan kä ca jɛ moc gua̱a̱th rɛy läätdä mɛmɛ
Acts_01,Acts_01_0029.flac,wut ɛmɛ cɛ kak kɔk kɛ yio̱w läätdä jiäkni̱kɛ kä mëë cɛ pɛ̈n cuɛ rɛ̈ɛ̈t kä cu ci̱nkɛ diaal käny raar
Acts_01,Acts_01_0030.flac,kä cua nɔmɔ ŋa̱c ɛ nɛy diaal tin cieŋ kä juruthɛlɛm kä ɛnɔ cua kak ɛmɔ cɔl i̱ akɛldɛma
Acts_01,Acts_01_0031.flac,kɛ thokdiɛn mi̱ lot ni̱ ɣöö kak riɛm kɛ ɣöö ca jɛ gɔ̱r rɛy buɔk diin
Acts_01,Acts_01_0032.flac,i̱ a ciëëŋdɛ te ni̱ lɔrä kä a jɛ thiɛl ram mi̱ cieŋ thi̱n
Acts_01,Acts_01_0033.flac,kä a gua̱a̱th la̱tdɛ gua̱lkɛ ɛ radɔ̱diɛn kä ɛnɔ bi̱ ram kɛl
Acts_01,Acts_01_0034.flac,kä nɛy tin ci̱ ja̱l kɛɛl kɛ kɔn gua̱thni̱ diaal mëë te yecu rɛydan
Acts_01,Acts_01_0035.flac,a tuɔkɛ jɛ ni̱kä la̱k jɔ̱ɔ̱n amäni̱ gua̱a̱th ëë naŋkɛ yecu nhial kä kɔn ɛn ram
Acts_01,Acts_01_0036.flac,ɛmɔ bɛ la neen kɛɛl kɛ kɔn amäni̱ jiëcdɛ kɛ rɔ li̱th cukɛ nɛy da̱ŋ rɛw lar
Acts_01,Acts_01_0037.flac,jɔ̱thɛp mi̱ cɔal i̱ ba̱rthabäth kä cɔalkɛ ciöt in dɔ̱ŋ i̱ ja̱thtäth kɛnɛ mathayɛ
Acts_01,Acts_01_0038.flac,kä cukɛ pal wäkɛ i̱ kuäär ji̱n ŋäci̱ lo̱c nɛɛni̱ diaal
Acts_01,Acts_01_0039.flac,nyuthni̱ kɔ ram ɔ ci̱ mɛk ɔ kä kɛn nɛy da̱ŋ rɛw ti̱ti̱ mi̱ bi̱ gua̱a̱th la̱t
Acts_01,Acts_01_0040.flac,jääkä nɛmɛ guäl min ci̱ judɛth ɛ ba̱ny piny kɛ wädɛ guäth ëë bɛɛ thi̱n kä cukɛ gaakni̱ yuɔr kɛ kui̱diɛn
Acts_01,Acts_01_0041.flac,kä cuɛ pɛn kä mathayɛth kä cua jɛ mat kä jaak da̱ŋ wäl wi̱cdɛ kɛl
Acts_02,Acts_02_0001.flac,la̱t cio̱kä rɛw kä mëë ci̱ cäŋ ni̱ni̱ kä jiɛn dhieec cop
Acts_02,Acts_02_0002.flac,kä te kɛn diaal guäth kɛl ni̱ ɛn guäth ɛmɔ cu jɔw kɛ päri̱kä nhial mi̱ ce̱tkɛ puɔ̱t jiɔam mi̱ di̱i̱t
Acts_02,Acts_02_0003.flac,kä cuɛ duel in nyuurkɛ thi̱n thiäŋ kɛɛliw kä cu ti̱ ce̱tkɛ bo̱l maac jɔɔc kä kɛ
Acts_02,Acts_02_0004.flac,cukɛ rɔ̱ da̱a̱k kä wuɔ̱thni̱kiɛn kɛn diaal kä cu kɛn diaal thia̱a̱ŋ kɛ yiëë in gɔaa in rɛl rɔ
Acts_02,Acts_02_0005.flac,kä cukɛ ruac kɛ thuk ti̱ kɔ̱kiɛn kɛ lua̱ŋ in ci̱ yiëë ɛ ka̱m kɛ täämɛ tëëkɛ ji̱ juudh ti̱ cieŋ kä juruthɛlɛm
Acts_02,Acts_02_0006.flac,ti̱ ca lo̱ckiɛn ka̱m kuoth ti̱ bä kä döör wec muɔ̱ɔ̱n kɛɛliw kä mëë ca jɔw ɛmɔ liŋ
Acts_02,Acts_02_0007.flac,cu buɔ̱n nath rɔ dol kä cuɛ wi̱cdiɛn yi̱c ɛlɔ̱ŋ kɛ ɣöö liŋ ramɔ thokdɛ
Acts_02,Acts_02_0008.flac,min ruac jaak kä cukɛ ga̱a̱c wekɛ i̱ ci̱ nɛy diaal ti̱ ruac ti̱ a ji̱ gɛ̈ lɛ li̱
Acts_02,Acts_02_0009.flac,kä ɛŋu liŋ ramɔ thokdɛ mëë daapkɛ ni̱ jɛ kä kɔ mɔ ruac kɛn kɛ jɛ kɔn ji̱ pari̱thia
Acts_02,Acts_02_0010.flac,kɛ ji̱ maday kɛ ji̱ eelɛm kɛ nɛy ti̱ cieŋ kä mɛthöpötamia kɛ judia
Acts_02,Acts_02_0011.flac,kɛ kapadöcia pɔntäth kɛnɛ ëcia pɛri̱jia kɛnɛ pampi̱lia
Acts_02,Acts_02_0012.flac,i̱jip kɛnɛ tha̱a̱ŋ li̱bia min la duŋ thayri̱n kɛnɛ ja̱a̱l tin bä kä röm tin la ji̱ juudh
Acts_02,Acts_02_0013.flac,kɛnɛ jur ji̱ kuri̱t amäni̱ ji̱ arabia liŋ kɔn kɛ a latkɛ lät kuɔth
Acts_02,Acts_02_0014.flac,ti̱ buɔ̱m buɔ̱ɔ̱m kɛ thukɔn kä cu kɛn diaal ga̱a̱c kä cukɛ ma̱a̱r a ruackɛ kä rɔ̱ i̱
Acts_02,Acts_02_0015.flac,mɛmɛ luɔtdɛ ɛŋu kä cu nɛy kɔ̱kiɛn ti̱ buɔ̱ykɛ kɛ wee i̱ kɛn ci̱kɛ yɔ̱ŋ kɛ kɔaŋ
Acts_02,Acts_02_0016.flac,kä cu pi̱tɔr rɔ jiɛc kɛnɛ jaak da̱ŋ wäl wi̱cdɛ kɛl tin kɔ̱ŋ cuɛ jɔwdɛ kap nhial
Acts_02,Acts_02_0017.flac,kä cuɛ kɛ jiök i̱ yɛn ji̱ judiya kɛ yɛn nɛy diaal tin cieŋ kä juruthɛlɛm a mɛmɛ cup lo̱cni̱kun kä liɛŋɛ min
Acts_02,Acts_02_0018.flac,laarä kɛ thuɔ̱k nɛy ti̱ti̱ kenkɛ yɔ̱ŋ ce̱tkɛ min caar yɛn ɛ
Acts_02,Acts_02_0019.flac,kɛ ɣöö ŋotdɛ ɛ thaak bäŋuan kɛ runwaŋ kä mɛmɛ ɛ mëë ca lar ɛ gök
Acts_02,Acts_02_0020.flac,ni̱ juɛl i̱ ci̱ kuoth ɛ lar ɛn ɣöö
Acts_02,Acts_02_0021.flac,kɛ ni̱n tin jɔak bä mɛmɛ la̱t ɛn ɣöö bä yiëëdä wuɔ̱c kä nɛy diaal kä bi̱ gaatkun
Acts_02,Acts_02_0022.flac,kɛnɛ nyiekun ruaacni̱ go̱o̱kä lat kä bi̱ ŋuɛ̈tni̱kun nyuuthni̱ nɛn
Acts_02,Acts_02_0023.flac,kä bi̱ dɔŋ wutni̱kun la̱a̱k läki̱kä kä bä yiëëdä wuɔ̱c kä wutni̱ läätädä kɛnɛ män läätädä
Acts_02,Acts_02_0024.flac,ɛn ni̱ni̱ tɔ̱tɔ̱ kä bi̱kɛ ruaacni̱ go̱o̱kä lat kä ɣän bä ti̱ ga̱ykɛ naath nyoth nhial
Acts_02,Acts_02_0025.flac,puɔ̱ɔ̱rä kɛnɛ nyuuthni̱ wiec muɔ̱ɔ̱n riɛm kɛ mac kɛ tol ba cäŋ loc ni̱ muth
Acts_02,Acts_02_0026.flac,kä ba pay loc ni̱ riɛm a ken cäŋ kua̱r in di̱i̱t in buɔy ni̱ cop
Acts_02,Acts_02_0027.flac,kä ramɔ wä ciöt kua̱r ni̱ kuoth cɔl ɔ ba jɛ kän yɛn ji̱ i̱thruɛl
Acts_02,Acts_02_0028.flac,liɛŋɛ min bä lar yëcu raan na̱dhɛrɛth ɛ ram mi̱ ca nyuɔ̱th yɛ pa̱ny
Acts_02,Acts_02_0029.flac,ɛ kuoth kɛ lät ti̱ buɔ̱m buɔ̱ɔ̱m ti̱ ga̱ykɛ naath kɛnɛ nyuuthni̱ tin ci̱ kuoth
Acts_02,Acts_02_0030.flac,kɛ la̱t kɛ jɛ rɛydun ce̱tkɛ min ŋäc yɛn ɛ yëcu ɛmɛ ca kuëŋ tetni̱kun
Acts_02,Acts_02_0031.flac,kɛ ca̱p kuɔth in thuɔ̱k kɛnɛ ŋäcdɛ min wen cuarɛ jɛ pua̱t jiaath kä cuarɛ jɛ näk
Acts_02,Acts_02_0032.flac,kɛ tet nɛɛni̱ ti̱ thil ŋut kä cu kuoth ɛ jiɛc li̱th kɛ ɣöö cɛ cuɔ̱c li̱eth woc kä jɛ
Acts_02,Acts_02_0033.flac,kɛ ɣöö ken lia̱a̱ ɛ luäŋ kɛ ka̱p kɛ buɔ̱mdɛ kɛ ɣöö
Acts_02,Acts_02_0034.flac,ci̱ dëëbi̱d ruac kɛ kui̱dɛ i̱ ɣän la nɛ̈ɛ̈nä kuäär ni̱ kuoth
Acts_02,Acts_02_0035.flac,nhiamdä ni̱ ciaŋ kɛ ɣöö jɛn tëë tetdä cuëëcdä
Acts_02,Acts_02_0036.flac,thilɛ mi̱ bi̱ ɣä wany kɛ kui̱ ɛmɔ tɛth lɔcdä kä cu lɛpdä tɛ̈th lɔaac lar
Acts_02,Acts_02_0037.flac,kä bi̱ puɔ̱nydä cieŋ kɛ ŋa̱th kɛ ɣöö ci̱ yiëëdä bi̱ pa̱l guäth maac kä ci̱ kɛlu min rɛl rɔ
Acts_02,Acts_02_0038.flac,bi̱ jakä wä ro̱o̱l jɔɔkni̱ kä ci̱ ɣä nyuɔ̱th dup teekä bi̱ tɛ̈th lɔaacdä jakä ro̱ŋ
Acts_02,Acts_02_0039.flac,kɛ ta̱a̱du kɛɛl kɛ ɣä dämaari̱ ni̱ ji̱ ithruɛl dëë la̱r yɛ
Acts_02,Acts_02_0040.flac,kɛ pek lɔaacdä kɛɛliw kɛ kui̱ gua̱ndɔɔŋdan ni̱ dëëbi̱d
Acts_02,Acts_02_0041.flac,ɛn ɣöö cɛ li̱w kä ca kony kä te kɔ̱a̱a̱k kunyädɛ kɛɛl kɛ kɔn
Acts_02,Acts_02_0042.flac,amäni̱ walɛ kä min ɛ gök ŋäcɛ jɛ ɛn ɣöö ci̱ kuoth
Acts_02,Acts_02_0043.flac,ɛ ya̱cɛ ɛn ɣöö bi̱ ram kɛl kä kuaykɛ nyuur wi̱i̱ kɔam kuäärädɛ
Acts_02,Acts_02_0044.flac,kä kɛ ɣöö ci̱ dëëbi̱d nɛmɛ nɛn cuɛ ruac kɛ kui̱ jiecä mɛthaya li̱th cuɛ wee i̱
Acts_02,Acts_02_0045.flac,ka̱n jɛ pa̱l guäth li̱eth kä ken puɔ̱nydɛ nuɔɔr
Acts_02,Acts_02_0046.flac,ɛn yëcu ɛmɛ ci̱ kuoth ɛ jiɛc li̱th kɛ kui̱ ɛmɔ kɔn diaal lapnɛ nëën kä ca jɛ kap nhial
Acts_02,Acts_02_0047.flac,kui̱c cuëëc kuɔth kä cɛ ruac ëë ci̱ gua̱a̱r in te nhial ɛ lar ɛn ɣöö bɛ ka̱m yiëë in gɔaa in rɛl rɔ jek
Acts_02,Acts_02_0048.flac,cɛ mɛmɛ wuɔ̱c nɛy ɛn mɛ min nɛ̈nɛ kä cia liŋ kɛ ɣöö dëëbi̱d
Acts_02,Acts_02_0049.flac,kenɛ wä nhial kä jɛn puɔ̱nydɛ cɛ wee i̱
Acts_02,Acts_02_0050.flac,ci̱ kuäär ni̱ kuoth kuäärä jiök i̱ nyuuri̱ kui̱c cuëëcdä
Acts_02,Acts_02_0051.flac,amäni̱ mi̱ cä ji̱ tɛ̈ru jakä kɔm ciökni̱ku kɛ kui̱ ɛmɔ a jɛ ŋa̱ckɛ
Acts_02,Acts_02_0052.flac,ɛ ji̱ ithruɛl diaal ɛn ɣöö ci̱ kuoth ɛ jakä kuäär ni̱ kuoth kä mathaayɛ ɛn yëcu in cia ŋap wi̱i̱ jiaath
Acts_02,Acts_02_0053.flac,täämɛ mëë ci̱ naath ruac ɛmɛ liŋ cu lo̱ckiɛn ŋɛ̈p kä cukɛ pi̱tɔr kɛnɛ jaak tin kɔ̱kiɛn jiök i̱ dämaari̱ kɔn bakɔ ŋu la̱t
Acts_02,Acts_02_0054.flac,kä cu pi̱tɔr kɛ loc i̱ rietdɛ rɔ̱ kä dueerkun kä ɛ ram ɔ kä yɛn diaal
Acts_02,Acts_02_0055.flac,lakɛ kɛ ciöt yëcu keri̱tho kɛ ɣöö ba dueerkun päl kä bia muc
Acts_02,Acts_02_0056.flac,yieekä in gɔaa in rɛl rɔ jek kɛ ɣöö min ci̱ kuoth ɛ lar ɛ duŋdun
Acts_02,Acts_02_0057.flac,kä ɛ duŋ gankun kä ɛ duŋ nɛɛni̱ diaal tin na̱n tin bi̱ kuäär ni̱ kuothdan
Acts_02,Acts_02_0058.flac,kɛ ciöl rɔ̱ kä cuɛ rieet kɔ̱kiɛn lat cuɛ kɛ com wëë i̱ ka̱nɛ rɔ̱
Acts_02,Acts_02_0059.flac,kä ri̱c ɛ jiääk ɛmɛ kä cua nɛy tëë ca ruacdɛ nhɔk lak kä cua nɛy ti̱ bathdɔɔri̱ da̱ŋ diɔ̱k
Acts_02,Acts_02_0060.flac,ma̱t kɛ ɛn cäŋ ɛmɔ kä cua lo̱ckiɛn la̱th ŋi̱i̱cä jaakni̱ kɛnɛ matdiɛn
Acts_02,Acts_02_0061.flac,kɛ mi̱eth kɛ̈ɛ̈l kɛnɛ pal kä cu dual ben kä nɛy diaal kɛ ɣöö
Acts_02,Acts_02_0062.flac,ca ti̱ ga̱ykɛ naath kɛnɛ nyuuthni̱ ti̱ ŋuan la̱t ɛ jaak yëcu kä cu nɛy diaal tëë ci̱ ŋa̱th te kɛɛl kä cukɛ ŋɔakiɛn diaal nyuak kɛɛl
Acts_02,Acts_02_0063.flac,kä la kɛn nyinkiɛn a kɔk kä bi̱ kɛn kɛ da̱a̱k
Acts_02,Acts_02_0064.flac,kä nɛy diaal ce̱tkɛ min go̱o̱r raan ɛ kä ni̱ ciaŋ la duɔlkɛ rɔ̱ rɛy luaak kuɔth kä camkɛ mi̱thkiɛn ciëëŋni̱kiɛn
Acts_02,Acts_02_0065.flac,la mi̱thkɛ kɛ tɛ̈th lɔaay kɛnɛ kɔ̱a̱y lɔaay kä liakɛ kuoth kä jëkɛ tɛ̈th lɔaac nɛɛni̱ diaal
Acts_02,Acts_02_0066.flac,kä ni̱ ciaŋ la kuäär ni̱ kuoth kɛ a reep kɛ nɛy tin ca kän
