file_name,start_s,end_s
Acts_02_0001.flac,0.0,5.92
Acts_02_0002.flac,5.92,13.38
Acts_02_0003.flac,13.38,19.58
Acts_02_0004.flac,19.58,26.68
Acts_02_0005.flac,26.68,34.78
Acts_02_0006.flac,34.78,41.22
Acts_02_0007.flac,41.22,47.62
Acts_02_0008.flac,47.62,54.5
Acts_02_0009.flac,54.5,61.54
Acts_02_0010.flac,61.54,68.26
Acts_02_0011.flac,68.26,75.1
Acts_02_0012.flac,75.1,82.24
Acts_02_0013.flac,82.24,88.1
Acts_02_0014.flac,88.1,95.36
Acts_02_0015.flac,95.36,102.54
Acts_02_0016.flac,102.54,110.02
Acts_02_0017.flac,110.02,120.96
Acts_02_0018.flac,120.96,128.02
Acts_02_0019.flac,128.02,135.38
Acts_02_0020.flac,135.38,140.02
Acts_02_0021.flac,140.02,147.56
Acts_02_0022.flac,147.56,154.12
Acts_02_0023.flac,154.12,163.66
Acts_02_0024.flac,163.66,171.32
Acts_02_0025.flac,171.32,179.2
Acts_02_0026.flac,179.2,185.44
Acts_02_0027.flac,185.44,192.54
Acts_02_0028.flac,192.54,198.98
Acts_02_0029.flac,198.98,204.26
Acts_02_0030.flac,204.26,212.38
Acts_02_0031.flac,212.38,219.78
Acts_02_0032.flac,219.78,227.08
Acts_02_0033.flac,227.08,232.8
Acts_02_0034.flac,232.8,238.02
Acts_02_0035.flac,238.02,242.74
Acts_02_0036.flac,242.74,249.72
Acts_02_0037.flac,249.72,259.52
Acts_02_0038.flac,259.52,267.24
Acts_02_0039.flac,267.24,273.48
Acts_02_0040.flac,273.48,278.5
Acts_02_0041.flac,278.5,284.72
Acts_02_0042.flac,284.72,290.78
Acts_02_0043.flac,290.78,298.46
Acts_02_0044.flac,298.46,306.24
Acts_02_0045.flac,306.24,311.1
Acts_02_0046.flac,311.1,320.08
Acts_02_0047.flac,320.08,329.28
Acts_02_0048.flac,329.28,336.86
Acts_02_0049.flac,336.86,340.86
Acts_02_0050.flac,340.86,345.44
Acts_02_0051.flac,345.44,352.92
Acts_02_0052.flac,352.92,363.02
Acts_02_0053.flac,363.02,372.52
Acts_02_0054.flac,372.52,379.3
Acts_02_0055.flac,379.3,385.32
Acts_02_0056.flac,385.32,392.54
Acts_02_0057.flac,392.54,400.12
Acts_02_0058.flac,400.12,406.3
Acts_02_0059.flac,406.3,413.88
Acts_02_0060.flac,413.88,420.38
Acts_02_0061.flac,420.38,426.78
Acts_02_0062.flac,426.78,436.78
Acts_02_0063.flac,436.78,441.02
Acts_02_0064.flac,441.02,450.44
Acts_02_0065.flac,450.44,458.46
Acts_02_0066.flac,458.46,465.48
